{
  "controller/Object-dbg.controller.js": 1602643573000,
  "controller/BaseController.js": 1602643573000,
  "model/models.js": 1602643573000,
  "model/formatter.js": 1602643573000,
  "controller/Worklist.controller.js": 1602643573000,
  "controller/Object.controller.js": 1602643573000,
  "controller/NotFound.controller.js": 1602643573000,
  "controller/ErrorHandler.js": 1602643573000,
  "manifest.json": 1602750174109,
  "controller/App.controller.js": 1602643573000,
  "Component.js": 1602643573000,
  "manifest-bundle.zip": 1602750173630,
  "Component-preload.js": 1602750174030,
  "controller/BaseController-dbg.js": 1602643573000,
  "model/formatter-dbg.js": 1602643573000,
  "controller/Worklist-dbg.controller.js": 1602643573000,
  "i18n/i18n.properties": 1602643573000,
  "controller/NotFound-dbg.controller.js": 1602643573000,
  "controller/ErrorHandler-dbg.js": 1602643573000,
  "model/models-dbg.js": 1602643573000,
  "controller/App-dbg.controller.js": 1602643573000,
  "Component-dbg.js": 1602643573000,
  "resources.json": 1602750174121,
  "view/Worklist.view.xml": 1602643573000,
  "view/ObjectNotFound.view.xml": 1602643573000,
  "view/Object.view.xml": 1602643573000,
  "view/NotFound.view.xml": 1602643573000,
  "view/App.view.xml": 1602643573000,
  "test.html": 1602643573000
}